Workbook
Name Ansatte: Oppsett!$A$4:$A$9
Name Kategorier: Oppsett!$E$4:$E$11
Name Prioriteter: Oppsett!$H$4:$H$7
Name Statuser: Oppsett!$L$4:$L$9
Name Kanaler: Oppsett!$N$4:$N$8

Sheet Dashboard
A1: DASHBOARD – Driftsstøtte
A2: Alle tall og diagrammer oppdateres automatisk ut fra arkfanen Saker.
A4: Åpne saker | C4: Forfalte løsningsfrister | E4: Forfalte startfrister | G4: Løst denne måneden | I4: Snitt løsningstid (timer) | K4: KB-artikler
A5: =COUNTIFS(tblSaker[Opprettet],"<>",tblSaker[Status],"<>Løst",tblSaker[Status],"<>Lukket") | C5: =COUNTIFS(tblSaker[SLA løsning],"FORFALT") | E5: =COUNTIFS(tblSaker[SLA start],"FORFALT") | G5: =COUNTIFS(tblSaker[Løst],">="&DATE(YEAR(TODAY()),MONTH(TODAY()),1)) | I5: =IFERROR(ROUND(AVERAGE(tblSaker[Løsningstid timer]),1),"-") | K5: =COUNTA(tblKB[Tittel])
A8: Saker per status | D8: Saker per kategori | G8: Saker per ansvarlig
A9: Ny | B9: =COUNTIFS(tblSaker[Status],$A9) | D9: Nettverk | E9: =COUNTIFS(tblSaker[Kategori],$D9) | G9: Ola Nordmann | H9: =COUNTIFS(tblSaker[Ansvarlig],$G9)
A10: Under behandling | B10: =COUNTIFS(tblSaker[Status],$A10) | D10: Passord og tilgang | E10: =COUNTIFS(tblSaker[Kategori],$D10) | G10: Kari Hansen | H10: =COUNTIFS(tblSaker[Ansvarlig],$G10)
A11: Venter på bruker | B11: =COUNTIFS(tblSaker[Status],$A11) | D11: E-post og kalender | E11: =COUNTIFS(tblSaker[Kategori],$D11) | G11: Per Olsen | H11: =COUNTIFS(tblSaker[Ansvarlig],$G11)
A12: Venter på leverandør | B12: =COUNTIFS(tblSaker[Status],$A12) | D12: Maskinvare | E12: =COUNTIFS(tblSaker[Kategori],$D12) | G12: Anne Berg | H12: =COUNTIFS(tblSaker[Ansvarlig],$G12)
A13: Løst | B13: =COUNTIFS(tblSaker[Status],$A13) | D13: Programvare | E13: =COUNTIFS(tblSaker[Kategori],$D13) | G13: Erik Dahl | H13: =COUNTIFS(tblSaker[Ansvarlig],$G13)
A14: Lukket | B14: =COUNTIFS(tblSaker[Status],$A14) | D14: Skriver og utskrift | E14: =COUNTIFS(tblSaker[Kategori],$D14) | G14: Mona Lie | H14: =COUNTIFS(tblSaker[Ansvarlig],$G14)
D15: Mobil og telefoni | E15: =COUNTIFS(tblSaker[Kategori],$D15)
D16: Annet | E16: =COUNTIFS(tblSaker[Kategori],$D16)

Sheet Saker
A1: Saksnr | B1: Opprettet | C1: Innmelder | D1: E-post | E1: Kanal | F1: Kategori | G1: Prioritet | H1: Tittel | I1: Beskrivelse | J1: Auto-ansvarlig | K1: Tildelt til | L1: Ansvarlig | M1: Status | N1: SLA start frist | O1: SLA løsning frist | P1: Påbegynt | Q1: Løst | R1: SLA start | S1: SLA løsning | T1: Løsningstid timer | U1: Løsning | V1: KB-ref | W1: Til KB
A2: =IF($B2="","","SAK-"&TEXT(ROW()-1,"0000")) | B2: 46266.385 | C2: Morten Vik | D2: morten.vik@firma.no | E2: Telefon | F2: Nettverk | G2: Høy | H2: Wi-Fi nede i møterom 2 | I2: Ingen kan koble til trådløsnettet i møterom 2. Accesspunktet blinker rødt. | J2: =IF($F2="","",IFERROR(VLOOKUP($F2,Oppsett!$E$4:$F$11,2,FALSE),"– ikke tildelt –")) | L2: =IF($B2="","",IF($K2<>"",$K2,$J2)) | M2: Løst | N2: =IF(OR($B2="",$G2=""),"",$B2+VLOOKUP($G2,Oppsett!$H$4:$J$7,2,FALSE)/24) | O2: =IF(OR($B2="",$G2=""),"",$B2+VLOOKUP($G2,Oppsett!$H$4:$J$7,3,FALSE)/24) | P2: 46266.403 | Q2: 46266.438 | R2: =IF($B2="","",IF($P2<>"",IF($P2<=$N2,"OK","Påbegynt for sent"),IF(NOW()>$N2,"FORFALT","Innen frist"))) | S2: =IF($B2="","",IF($Q2<>"",IF($Q2<=$O2,"OK","Løst for sent"),IF(NOW()>$O2,"FORFALT","Innen frist"))) | T2: =IF(OR($B2="",$Q2=""),"",ROUND(($Q2-$B2)*24,1)) | U2: Restartet accesspunktet og oppdaterte firmware. Nettet er oppe igjen. Se KB-001. | V2: KB-001 | W2: Nei
A3: =IF($B3="","","SAK-"&TEXT(ROW()-1,"0000")) | B3: 46266.42 | C3: Silje Aas | D3: silje.aas@firma.no | E3: E-post | F3: Passord og tilgang | G3: Medium | H3: Glemt VPN-passord | I3: Bruker har glemt VPN-passordet og er låst ute av hjemmekontor. | J3: =IF($F3="","",IFERROR(VLOOKUP($F3,Oppsett!$E$4:$F$11,2,FALSE),"– ikke tildelt –")) | L3: =IF($B3="","",IF($K3<>"",$K3,$J3)) | M3: Løst | N3: =IF(OR($B3="",$G3=""),"",$B3+VLOOKUP($G3,Oppsett!$H$4:$J$7,2,FALSE)/24) | O3: =IF(OR($B3="",$G3=""),"",$B3+VLOOKUP($G3,Oppsett!$H$4:$J$7,3,FALSE)/24) | P3: 46266.431 | Q3: 46266.441 | R3: =IF($B3="","",IF($P3<>"",IF($P3<=$N3,"OK","Påbegynt for sent"),IF(NOW()>$N3,"FORFALT","Innen frist"))) | S3: =IF($B3="","",IF($Q3<>"",IF($Q3<=$O3,"OK","Løst for sent"),IF(NOW()>$O3,"FORFALT","Innen frist"))) | T3: =IF(OR($B3="",$Q3=""),"",ROUND(($Q3-$B3)*24,1)) | U3: Tilbakestilte passord i AD og huket av for endring ved neste pålogging. Se KB-002. | V3: KB-002 | W3: Nei
A4: =IF($B4="","","SAK-"&TEXT(ROW()-1,"0000")) | B4: 46267.368 | C4: Jonas Bakke | D4: jonas.bakke@firma.no | E4: E-post | F4: E-post og kalender | G4: Høy | H4: Outlook starter ikke | I4: Outlook krasjer ved oppstart etter nattens oppdatering. | J4: =IF($F4="","",IFERROR(VLOOKUP($F4,Oppsett!$E$4:$F$11,2,FALSE),"– ikke tildelt –")) | L4: =IF($B4="","",IF($K4<>"",$K4,$J4)) | M4: Under behandling | N4: =IF(OR($B4="",$G4=""),"",$B4+VLOOKUP($G4,Oppsett!$H$4:$J$7,2,FALSE)/24) | O4: =IF(OR($B4="",$G4=""),"",$B4+VLOOKUP($G4,Oppsett!$H$4:$J$7,3,FALSE)/24) | P4: 46267.396 | R4: =IF($B4="","",IF($P4<>"",IF($P4<=$N4,"OK","Påbegynt for sent"),IF(NOW()>$N4,"FORFALT","Innen frist"))) | S4: =IF($B4="","",IF($Q4<>"",IF($Q4<=$O4,"OK","Løst for sent"),IF(NOW()>$O4,"FORFALT","Innen frist"))) | T4: =IF(OR($B4="",$Q4=""),"",ROUND(($Q4-$B4)*24,1)) | U4: Tester i sikker modus og oppretter ny profil. Se KB-004.
A5: =IF($B5="","","SAK-"&TEXT(ROW()-1,"0000")) | B5: 46267.458 | C5: Tone Lie (HR) | D5: tone.lie@firma.no | E5: E-post | F5: Maskinvare | G5: Lav | H5: Ny PC til nyansatt | I5: Nyansatt starter 15.09. Trenger laptop med standard programvareinstallasjon. | J5: =IF($F5="","",IFERROR(VLOOKUP($F5,Oppsett!$E$4:$F$11,2,FALSE),"– ikke tildelt –")) | L5: =IF($B5="","",IF($K5<>"",$K5,$J5)) | M5: Ny | N5: =IF(OR($B5="",$G5=""),"",$B5+VLOOKUP($G5,Oppsett!$H$4:$J$7,2,FALSE)/24) | O5: =IF(OR($B5="",$G5=""),"",$B5+VLOOKUP($G5,Oppsett!$H$4:$J$7,3,FALSE)/24) | R5: =IF($B5="","",IF($P5<>"",IF($P5<=$N5,"OK","Påbegynt for sent"),IF(NOW()>$N5,"FORFALT","Innen frist"))) | S5: =IF($B5="","",IF($Q5<>"",IF($Q5<=$O5,"OK","Løst for sent"),IF(NOW()>$O5,"FORFALT","Innen frist"))) | T5: =IF(OR($B5="",$Q5=""),"",ROUND(($Q5-$B5)*24,1))
A6: =IF($B6="","","SAK-"&TEXT(ROW()-1,"0000")) | B6: 46267.556 | C6: Kontoret 3. etg | D6: kontor3@firma.no | E6: Personlig oppmøte | F6: Skriver og utskrift | G6: Medium | H6: Papirstopp hele tiden | I6: Skriveren i 3. etasje kjører fast papir ved dobbeltsidig utskrift. | J6: =IF($F6="","",IFERROR(VLOOKUP($F6,Oppsett!$E$4:$F$11,2,FALSE),"– ikke tildelt –")) | L6: =IF($B6="","",IF($K6<>"",$K6,$J6)) | M6: Løst | N6: =IF(OR($B6="",$G6=""),"",$B6+VLOOKUP($G6,Oppsett!$H$4:$J$7,2,FALSE)/24) | O6: =IF(OR($B6="",$G6=""),"",$B6+VLOOKUP($G6,Oppsett!$H$4:$J$7,3,FALSE)/24) | P6: 46267.583 | Q6: 46267.615 | R6: =IF($B6="","",IF($P6<>"",IF($P6<=$N6,"OK","Påbegynt for sent"),IF(NOW()>$N6,"FORFALT","Innen frist"))) | S6: =IF($B6="","",IF($Q6<>"",IF($Q6<=$O6,"OK","Løst for sent"),IF(NOW()>$O6,"FORFALT","Innen frist"))) | T6: =IF(OR($B6="",$Q6=""),"",ROUND(($Q6-$B6)*24,1)) | U6: Renset valsene og byttet til riktig papirtype. Se KB-003. | V6: KB-003 | W6: Nei
A7: =IF($B7="","","SAK-"&TEXT(ROW()-1,"0000")) | B7: 46268.333 | C7: Ingrid Mo | D7: ingrid.mo@firma.no | E7: Chat | F7: Programvare | G7: Kritisk | H7: Teams krasjer i videomøter | I7: Teams krasjer ved videosamtaler for flere brukere etter siste oppdatering. | J7: =IF($F7="","",IFERROR(VLOOKUP($F7,Oppsett!$E$4:$F$11,2,FALSE),"– ikke tildelt –")) | L7: =IF($B7="","",IF($K7<>"",$K7,$J7)) | M7: Under behandling | N7: =IF(OR($B7="",$G7=""),"",$B7+VLOOKUP($G7,Oppsett!$H$4:$J$7,2,FALSE)/24) | O7: =IF(OR($B7="",$G7=""),"",$B7+VLOOKUP($G7,Oppsett!$H$4:$J$7,3,FALSE)/24) | P7: 46268.347 | R7: =IF($B7="","",IF($P7<>"",IF($P7<=$N7,"OK","Påbegynt for sent"),IF(NOW()>$N7,"FORFALT","Innen frist"))) | S7: =IF($B7="","",IF($Q7<>"",IF($Q7<=$O7,"OK","Løst for sent"),IF(NOW()>$O7,"FORFALT","Innen frist"))) | T7: =IF(OR($B7="",$Q7=""),"",ROUND(($Q7-$B7)*24,1)) | U7: Oppdaterer grafikkdriver og Teams på testmaskin. Følger opp iht. KB-006. | V7: KB-006
A8: =IF($B8="","","SAK-"&TEXT(ROW()-1,"0000")) | B8: 46268.406 | C8: Roar Eggen | D8: roar.eggen@firma.no | E8: Telefon | F8: Mobil og telefoni | G8: Medium | H8: iPhone synkroniserer ikke e-post | I8: E-post sluttet å synkronisere etter passordbytte i går. | J8: =IF($F8="","",IFERROR(VLOOKUP($F8,Oppsett!$E$4:$F$11,2,FALSE),"– ikke tildelt –")) | L8: =IF($B8="","",IF($K8<>"",$K8,$J8)) | M8: Venter på bruker | N8: =IF(OR($B8="",$G8=""),"",$B8+VLOOKUP($G8,Oppsett!$H$4:$J$7,2,FALSE)/24) | O8: =IF(OR($B8="",$G8=""),"",$B8+VLOOKUP($G8,Oppsett!$H$4:$J$7,3,FALSE)/24) | P8: 46268.417 | R8: =IF($B8="","",IF($P8<>"",IF($P8<=$N8,"OK","Påbegynt for sent"),IF(NOW()>$N8,"FORFALT","Innen frist"))) | S8: =IF($B8="","",IF($Q8<>"",IF($Q8<=$O8,"OK","Løst for sent"),IF(NOW()>$O8,"FORFALT","Innen frist"))) | T8: =IF(OR($B8="",$Q8=""),"",ROUND(($Q8-$B8)*24,1)) | U8: Bruker er bedt om å fjerne og legge til e-postkontoen på nytt. Venter på tilbakemelding.
A9: =IF($B9="","","SAK-"&TEXT(ROW()-1,"0000")) | B9: 46268.521 | C9: Linda Foss | D9: linda.foss@firma.no | E9: E-post | F9: Passord og tilgang | G9: Høy | H9: Trenger tilgang til fellesmappe | I9: Ny i teamet og mangler tilgang til fellesområdet på serveren. | J9: =IF($F9="","",IFERROR(VLOOKUP($F9,Oppsett!$E$4:$F$11,2,FALSE),"– ikke tildelt –")) | L9: =IF($B9="","",IF($K9<>"",$K9,$J9)) | M9: Løst | N9: =IF(OR($B9="",$G9=""),"",$B9+VLOOKUP($G9,Oppsett!$H$4:$J$7,2,FALSE)/24) | O9: =IF(OR($B9="",$G9=""),"",$B9+VLOOKUP($G9,Oppsett!$H$4:$J$7,3,FALSE)/24) | P9: 46268.542 | Q9: 46268.632 | R9: =IF($B9="","",IF($P9<>"",IF($P9<=$N9,"OK","Påbegynt for sent"),IF(NOW()>$N9,"FORFALT","Innen frist"))) | S9: =IF($B9="","",IF($Q9<>"",IF($Q9<=$O9,"OK","Løst for sent"),IF(NOW()>$O9,"FORFALT","Innen frist"))) | T9: =IF(OR($B9="",$Q9=""),"",ROUND(($Q9-$B9)*24,1)) | U9: Fikk godkjenning fra leder og la bruker inn i riktig AD-gruppe. Se KB-005. | V9: KB-005 | W9: Nei
A10: =IF($B10="","","SAK-"&TEXT(ROW()-1,"0000")) | B10: 46269.34 | C10: Ottar Viken | D10: ottar.viken@firma.no | E10: Selvbetjening | F10: Programvare | G10: Lav | H10: Hjelp til Excel-formel | I10: Trenger hjelp med FINN.RAD i budsjettarket. | J10: =IF($F10="","",IFERROR(VLOOKUP($F10,Oppsett!$E$4:$F$11,2,FALSE),"– ikke tildelt –")) | L10: =IF($B10="","",IF($K10<>"",$K10,$J10)) | M10: Løst | N10: =IF(OR($B10="",$G10=""),"",$B10+VLOOKUP($G10,Oppsett!$H$4:$J$7,2,FALSE)/24) | O10: =IF(OR($B10="",$G10=""),"",$B10+VLOOKUP($G10,Oppsett!$H$4:$J$7,3,FALSE)/24) | P10: 46269.354 | Q10: 46269.375 | R10: =IF($B10="","",IF($P10<>"",IF($P10<=$N10,"OK","Påbegynt for sent"),IF(NOW()>$N10,"FORFALT","Innen frist"))) | S10: =IF($B10="","",IF($Q10<>"",IF($Q10<=$O10,"OK","Løst for sent"),IF(NOW()>$O10,"FORFALT","Innen frist"))) | T10: =IF(OR($B10="",$Q10=""),"",ROUND(($Q10-$B10)*24,1)) | U10: Viste brukeren FINN.RAD og XLOOKUP med et konkret eksempel. | W10: Ja
A11: =IF($B11="","","SAK-"&TEXT(ROW()-1,"0000")) | B11: 46269.378 | C11: Vaktmester Per | D11: per.vakt@firma.no | E11: Telefon | F11: Nettverk | G11: Medium | H11: Ødelagt nettverkskabel i 3. etg | I11: Kabel er kuttet ved renovering. To brukere er uten kablet nett. | J11: =IF($F11="","",IFERROR(VLOOKUP($F11,Oppsett!$E$4:$F$11,2,FALSE),"– ikke tildelt –")) | L11: =IF($B11="","",IF($K11<>"",$K11,$J11)) | M11: Ny | N11: =IF(OR($B11="",$G11=""),"",$B11+VLOOKUP($G11,Oppsett!$H$4:$J$7,2,FALSE)/24) | O11: =IF(OR($B11="",$G11=""),"",$B11+VLOOKUP($G11,Oppsett!$H$4:$J$7,3,FALSE)/24) | R11: =IF($B11="","",IF($P11<>"",IF($P11<=$N11,"OK","Påbegynt for sent"),IF(NOW()>$N11,"FORFALT","Innen frist"))) | S11: =IF($B11="","",IF($Q11<>"",IF($Q11<=$O11,"OK","Løst for sent"),IF(NOW()>$O11,"FORFALT","Innen frist"))) | T11: =IF(OR($B11="",$Q11=""),"",ROUND(($Q11-$B11)*24,1))
A12: =IF($B12="","","SAK-"&TEXT(ROW()-1,"0000")) | B12: =IF($C12&$H12="","",IF($B12="",NOW(),$B12)) | J12: =IF($F12="","",IFERROR(VLOOKUP($F12,Oppsett!$E$4:$F$11,2,FALSE),"– ikke tildelt –")) | L12: =IF($B12="","",IF($K12<>"",$K12,$J12)) | N12: =IF(OR($B12="",$G12=""),"",$B12+VLOOKUP($G12,Oppsett!$H$4:$J$7,2,FALSE)/24) | O12: =IF(OR($B12="",$G12=""),"",$B12+VLOOKUP($G12,Oppsett!$H$4:$J$7,3,FALSE)/24) | R12: =IF($B12="","",IF($P12<>"",IF($P12<=$N12,"OK","Påbegynt for sent"),IF(NOW()>$N12,"FORFALT","Innen frist"))) | S12: =IF($B12="","",IF($Q12<>"",IF($Q12<=$O12,"OK","Løst for sent"),IF(NOW()>$O12,"FORFALT","Innen frist"))) | T12: =IF(OR($B12="",$Q12=""),"",ROUND(($Q12-$B12)*24,1))
A13: =IF($B13="","","SAK-"&TEXT(ROW()-1,"0000")) | B13: =IF($C13&$H13="","",IF($B13="",NOW(),$B13)) | J13: =IF($F13="","",IFERROR(VLOOKUP($F13,Oppsett!$E$4:$F$11,2,FALSE),"– ikke tildelt –")) | L13: =IF($B13="","",IF($K13<>"",$K13,$J13)) | N13: =IF(OR($B13="",$G13=""),"",$B13+VLOOKUP($G13,Oppsett!$H$4:$J$7,2,FALSE)/24) | O13: =IF(OR($B13="",$G13=""),"",$B13+VLOOKUP($G13,Oppsett!$H$4:$J$7,3,FALSE)/24) | R13: =IF($B13="","",IF($P13<>"",IF($P13<=$N13,"OK","Påbegynt for sent"),IF(NOW()>$N13,"FORFALT","Innen frist"))) | S13: =IF($B13="","",IF($Q13<>"",IF($Q13<=$O13,"OK","Løst for sent"),IF(NOW()>$O13,"FORFALT","Innen frist"))) | T13: =IF(OR($B13="",$Q13=""),"",ROUND(($Q13-$B13)*24,1))
A14: =IF($B14="","","SAK-"&TEXT(ROW()-1,"0000")) | B14: =IF($C14&$H14="","",IF($B14="",NOW(),$B14)) | J14: =IF($F14="","",IFERROR(VLOOKUP($F14,Oppsett!$E$4:$F$11,2,FALSE),"– ikke tildelt –")) | L14: =IF($B14="","",IF($K14<>"",$K14,$J14)) | N14: =IF(OR($B14="",$G14=""),"",$B14+VLOOKUP($G14,Oppsett!$H$4:$J$7,2,FALSE)/24) | O14: =IF(OR($B14="",$G14=""),"",$B14+VLOOKUP($G14,Oppsett!$H$4:$J$7,3,FALSE)/24) | R14: =IF($B14="","",IF($P14<>"",IF($P14<=$N14,"OK","Påbegynt for sent"),IF(NOW()>$N14,"FORFALT","Innen frist"))) | S14: =IF($B14="","",IF($Q14<>"",IF($Q14<=$O14,"OK","Løst for sent"),IF(NOW()>$O14,"FORFALT","Innen frist"))) | T14: =IF(OR($B14="",$Q14=""),"",ROUND(($Q14-$B14)*24,1))
A15: =IF($B15="","","SAK-"&TEXT(ROW()-1,"0000")) | B15: =IF($C15&$H15="","",IF($B15="",NOW(),$B15)) | J15: =IF($F15="","",IFERROR(VLOOKUP($F15,Oppsett!$E$4:$F$11,2,FALSE),"– ikke tildelt –")) | L15: =IF($B15="","",IF($K15<>"",$K15,$J15)) | N15: =IF(OR($B15="",$G15=""),"",$B15+VLOOKUP($G15,Oppsett!$H$4:$J$7,2,FALSE)/24) | O15: =IF(OR($B15="",$G15=""),"",$B15+VLOOKUP($G15,Oppsett!$H$4:$J$7,3,FALSE)/24) | R15: =IF($B15="","",IF($P15<>"",IF($P15<=$N15,"OK","Påbegynt for sent"),IF(NOW()>$N15,"FORFALT","Innen frist"))) | S15: =IF($B15="","",IF($Q15<>"",IF($Q15<=$O15,"OK","Løst for sent"),IF(NOW()>$O15,"FORFALT","Innen frist"))) | T15: =IF(OR($B15="",$Q15=""),"",ROUND(($Q15-$B15)*24,1))
A16: =IF($B16="","","SAK-"&TEXT(ROW()-1,"0000")) | B16: =IF($C16&$H16="","",IF($B16="",NOW(),$B16)) | J16: =IF($F16="","",IFERROR(VLOOKUP($F16,Oppsett!$E$4:$F$11,2,FALSE),"– ikke tildelt –")) | L16: =IF($B16="","",IF($K16<>"",$K16,$J16)) | N16: =IF(OR($B16="",$G16=""),"",$B16+VLOOKUP($G16,Oppsett!$H$4:$J$7,2,FALSE)/24) | O16: =IF(OR($B16="",$G16=""),"",$B16+VLOOKUP($G16,Oppsett!$H$4:$J$7,3,FALSE)/24) | R16: =IF($B16="","",IF($P16<>"",IF($P16<=$N16,"OK","Påbegynt for sent"),IF(NOW()>$N16,"FORFALT","Innen frist"))) | S16: =IF($B16="","",IF($Q16<>"",IF($Q16<=$O16,"OK","Løst for sent"),IF(NOW()>$O16,"FORFALT","Innen frist"))) | T16: =IF(OR($B16="",$Q16=""),"",ROUND(($Q16-$B16)*24,1))
A17: =IF($B17="","","SAK-"&TEXT(ROW()-1,"0000")) | B17: =IF($C17&$H17="","",IF($B17="",NOW(),$B17)) | J17: =IF($F17="","",IFERROR(VLOOKUP($F17,Oppsett!$E$4:$F$11,2,FALSE),"– ikke tildelt –")) | L17: =IF($B17="","",IF($K17<>"",$K17,$J17)) | N17: =IF(OR($B17="",$G17=""),"",$B17+VLOOKUP($G17,Oppsett!$H$4:$J$7,2,FALSE)/24) | O17: =IF(OR($B17="",$G17=""),"",$B17+VLOOKUP($G17,Oppsett!$H$4:$J$7,3,FALSE)/24) | R17: =IF($B17="","",IF($P17<>"",IF($P17<=$N17,"OK","Påbegynt for sent"),IF(NOW()>$N17,"FORFALT","Innen frist"))) | S17: =IF($B17="","",IF($Q17<>"",IF($Q17<=$O17,"OK","Løst for sent"),IF(NOW()>$O17,"FORFALT","Innen frist"))) | T17: =IF(OR($B17="",$Q17=""),"",ROUND(($Q17-$B17)*24,1))
A18: =IF($B18="","","SAK-"&TEXT(ROW()-1,"0000")) | B18: =IF($C18&$H18="","",IF($B18="",NOW(),$B18)) | J18: =IF($F18="","",IFERROR(VLOOKUP($F18,Oppsett!$E$4:$F$11,2,FALSE),"– ikke tildelt –")) | L18: =IF($B18="","",IF($K18<>"",$K18,$J18)) | N18: =IF(OR($B18="",$G18=""),"",$B18+VLOOKUP($G18,Oppsett!$H$4:$J$7,2,FALSE)/24) | O18: =IF(OR($B18="",$G18=""),"",$B18+VLOOKUP($G18,Oppsett!$H$4:$J$7,3,FALSE)/24) | R18: =IF($B18="","",IF($P18<>"",IF($P18<=$N18,"OK","Påbegynt for sent"),IF(NOW()>$N18,"FORFALT","Innen frist"))) | S18: =IF($B18="","",IF($Q18<>"",IF($Q18<=$O18,"OK","Løst for sent"),IF(NOW()>$O18,"FORFALT","Innen frist"))) | T18: =IF(OR($B18="",$Q18=""),"",ROUND(($Q18-$B18)*24,1))
A19: =IF($B19="","","SAK-"&TEXT(ROW()-1,"0000")) | B19: =IF($C19&$H19="","",IF($B19="",NOW(),$B19)) | J19: =IF($F19="","",IFERROR(VLOOKUP($F19,Oppsett!$E$4:$F$11,2,FALSE),"– ikke tildelt –")) | L19: =IF($B19="","",IF($K19<>"",$K19,$J19)) | N19: =IF(OR($B19="",$G19=""),"",$B19+VLOOKUP($G19,Oppsett!$H$4:$J$7,2,FALSE)/24) | O19: =IF(OR($B19="",$G19=""),"",$B19+VLOOKUP($G19,Oppsett!$H$4:$J$7,3,FALSE)/24) | R19: =IF($B19="","",IF($P19<>"",IF($P19<=$N19,"OK","Påbegynt for sent"),IF(NOW()>$N19,"FORFALT","Innen frist"))) | S19: =IF($B19="","",IF($Q19<>"",IF($Q19<=$O19,"OK","Løst for sent"),IF(NOW()>$O19,"FORFALT","Innen frist"))) | T19: =IF(OR($B19="",$Q19=""),"",ROUND(($Q19-$B19)*24,1))
A20: =IF($B20="","","SAK-"&TEXT(ROW()-1,"0000")) | B20: =IF($C20&$H20="","",IF($B20="",NOW(),$B20)) | J20: =IF($F20="","",IFERROR(VLOOKUP($F20,Oppsett!$E$4:$F$11,2,FALSE),"– ikke tildelt –")) | L20: =IF($B20="","",IF($K20<>"",$K20,$J20)) | N20: =IF(OR($B20="",$G20=""),"",$B20+VLOOKUP($G20,Oppsett!$H$4:$J$7,2,FALSE)/24) | O20: =IF(OR($B20="",$G20=""),"",$B20+VLOOKUP($G20,Oppsett!$H$4:$J$7,3,FALSE)/24) | R20: =IF($B20="","",IF($P20<>"",IF($P20<=$N20,"OK","Påbegynt for sent"),IF(NOW()>$N20,"FORFALT","Innen frist"))) | S20: =IF($B20="","",IF($Q20<>"",IF($Q20<=$O20,"OK","Løst for sent"),IF(NOW()>$O20,"FORFALT","Innen frist"))) | T20: =IF(OR($B20="",$Q20=""),"",ROUND(($Q20-$B20)*24,1))
A21: =IF($B21="","","SAK-"&TEXT(ROW()-1,"0000")) | B21: =IF($C21&$H21="","",IF($B21="",NOW(),$B21)) | J21: =IF($F21="","",IFERROR(VLOOKUP($F21,Oppsett!$E$4:$F$11,2,FALSE),"– ikke tildelt –")) | L21: =IF($B21="","",IF($K21<>"",$K21,$J21)) | N21: =IF(OR($B21="",$G21=""),"",$B21+VLOOKUP($G21,Oppsett!$H$4:$J$7,2,FALSE)/24) | O21: =IF(OR($B21="",$G21=""),"",$B21+VLOOKUP($G21,Oppsett!$H$4:$J$7,3,FALSE)/24) | R21: =IF($B21="","",IF($P21<>"",IF($P21<=$N21,"OK","Påbegynt for sent"),IF(NOW()>$N21,"FORFALT","Innen frist"))) | S21: =IF($B21="","",IF($Q21<>"",IF($Q21<=$O21,"OK","Løst for sent"),IF(NOW()>$O21,"FORFALT","Innen frist"))) | T21: =IF(OR($B21="",$Q21=""),"",ROUND(($Q21-$B21)*24,1))
A22: =IF($B22="","","SAK-"&TEXT(ROW()-1,"0000")) | B22: =IF($C22&$H22="","",IF($B22="",NOW(),$B22)) | J22: =IF($F22="","",IFERROR(VLOOKUP($F22,Oppsett!$E$4:$F$11,2,FALSE),"– ikke tildelt –")) | L22: =IF($B22="","",IF($K22<>"",$K22,$J22)) | N22: =IF(OR($B22="",$G22=""),"",$B22+VLOOKUP($G22,Oppsett!$H$4:$J$7,2,FALSE)/24) | O22: =IF(OR($B22="",$G22=""),"",$B22+VLOOKUP($G22,Oppsett!$H$4:$J$7,3,FALSE)/24) | R22: =IF($B22="","",IF($P22<>"",IF($P22<=$N22,"OK","Påbegynt for sent"),IF(NOW()>$N22,"FORFALT","Innen frist"))) | S22: =IF($B22="","",IF($Q22<>"",IF($Q22<=$O22,"OK","Løst for sent"),IF(NOW()>$O22,"FORFALT","Innen frist"))) | T22: =IF(OR($B22="",$Q22=""),"",ROUND(($Q22-$B22)*24,1))
A23: =IF($B23="","","SAK-"&TEXT(ROW()-1,"0000")) | B23: =IF($C23&$H23="","",IF($B23="",NOW(),$B23)) | J23: =IF($F23="","",IFERROR(VLOOKUP($F23,Oppsett!$E$4:$F$11,2,FALSE),"– ikke tildelt –")) | L23: =IF($B23="","",IF($K23<>"",$K23,$J23)) | N23: =IF(OR($B23="",$G23=""),"",$B23+VLOOKUP($G23,Oppsett!$H$4:$J$7,2,FALSE)/24) | O23: =IF(OR($B23="",$G23=""),"",$B23+VLOOKUP($G23,Oppsett!$H$4:$J$7,3,FALSE)/24) | R23: =IF($B23="","",IF($P23<>"",IF($P23<=$N23,"OK","Påbegynt for sent"),IF(NOW()>$N23,"FORFALT","Innen frist"))) | S23: =IF($B23="","",IF($Q23<>"",IF($Q23<=$O23,"OK","Løst for sent"),IF(NOW()>$O23,"FORFALT","Innen frist"))) | T23: =IF(OR($B23="",$Q23=""),"",ROUND(($Q23-$B23)*24,1))
... A501: =IF($B501="","","SAK-"&TEXT(ROW()-1,"0000")) | B501: =IF($C501&$H501="","",IF($B501="",NOW(),$B501)) | J501: =IF($F501="","",IFERROR(VLOOKUP($F501,Oppsett!$E$4:$F$11,2,FALSE),"– ikke tildelt –")) | L501: =IF($B501="","",IF($K501<>"",$K501,$J501)) | N501: =IF(OR($B501="",$G501=""),"",$B501+VLOOKUP($G501,Oppsett!$H$4:$J$7,2,FALSE)/24) | O501: =IF(OR($B501="",$G501=""),"",$B501+VLOOKUP($G501,Oppsett!$H$4:$J$7,3,FALSE)/24) | R501: =IF($B501="","",IF($P501<>"",IF($P501<=$N501,"OK","Påbegynt for sent"),IF(NOW()>$N501,"FORFALT","Innen frist"))) | S501: =IF($B501="","",IF($Q501<>"",IF($Q501<=$O501,"OK","Løst for sent"),IF(NOW()>$O501,"FORFALT","Innen frist"))) | T501: =IF(OR($B501="",$Q501=""),"",ROUND(($Q501-$B501)*24,1))

Sheet Søk
A1: Søk etter løsninger
A2: Tips: Søk alltid her før du åpner en ny sak – kanskje løsningen finnes allerede.
A4: 1) Søk i kunnskapsbasen (FAQ)
A5: Søkeord:
A6: Kategori (valgfri):
A8: KB-ID | B8: Tittel | C8: Kategori | D8: Problem | E8: Løsning | F8: Nøkkelord | G8: Opprettet av | H8: Dato | I8: Antall bruk | J8: Vurdering | K8: Basert på sak
A9: =IF($B$5="","Skriv inn ett eller flere søkeord (f.eks. wifi, passord, outlook) for å søke i kunnskapsbasen.",_xlfn._xlws.FILTER(tblKB,ISNUMBER(SEARCH($B$5,tblKB[Tittel]&" "&tblKB[Problem]&" "&tblKB[Løsning]&" "&tblKB[Nøkkelord]))*IF($B$6="",1,tblKB[Kategori]=$B$6),"Ingen treff – prøv andre søkeord."))
A25: 2) Søk i tidligere løste saker
A26: Søkeord:
A28: Saksnr | B28: Opprettet | C28: Kategori | D28: Tittel | E28: Løsning | F28: KB-ref
A29: =IF($B$26="","Skriv inn søkeord for å søke i løste saker.",_xlfn._xlws.FILTER(_xlfn.HSTACK(tblSaker[Saksnr],tblSaker[Opprettet],tblSaker[Kategori],tblSaker[Tittel],tblSaker[Løsning],tblSaker[KB-ref]),ISNUMBER(SEARCH($B$26,tblSaker[Tittel]&" "&tblSaker[Beskrivelse]&" "&tblSaker[Løsning]))*((tblSaker[Status]="Løst")+(tblSaker[Status]="Lukket")),"Ingen løste saker matcher søket."))
A46: Merk: Feilen #SPILL! betyr at trefflisten trenger mer plass – snevr inn søket med flere ord.
A47: Søk er ikke avhengig av store/små bokstaver. Bruk gjerne flere ord, f.eks. «skriver papir».

Sheet Kunnskapsbase
A1: KB-ID | B1: Tittel | C1: Kategori | D1: Problem | E1: Løsning | F1: Nøkkelord | G1: Opprettet av | H1: Dato | I1: Antall bruk | J1: Vurdering | K1: Basert på sak
A2: =IF($B2<>"","KB-"&TEXT(ROW()-1,"000"),"") | B2: Wi-Fi-problemer – kan ikke koble til trådløst nettverk | C2: Nettverk | D2: Ingen nettforbindelse på trådløsnettet. Accesspunktet kan blinke rødt. | E2: 1. Sjekk at Wi-Fi er slått på hos brukeren. 2. Start accesspunktet på nytt (strøm av/på, vent 30 sek). 3. Sjekk at riktig SSID og passord brukes. 4. Oppdater firmware på accesspunktet. 5. Vedvarende feil: kontakt nettverksansvarlig. | F2: wifi trådløs nettverk tilkobling accesspunkt internett | G2: Ola Nordmann | H2: 46266 | I2: 12 | J2: 5 | K2: SAK-0001
A3: =IF($B3<>"","KB-"&TEXT(ROW()-1,"000"),"") | B3: Tilbakestille passord (Windows/VPN) | C3: Passord og tilgang | D3: Bruker er låst ute eller har glemt passordet sitt. | E3: 1. Verifiser brukerens identitet. 2. Tilbakestill passordet i Active Directory. 3. Huk av «Bruker må endre passord ved neste pålogging». 4. For VPN: synkroniser passordet i VPN-portalen. 5. Be brukeren teste pålogging. | F3: passord glemt låst vpn innlogging ad | G3: Kari Hansen | H3: 46266 | I3: 25 | J3: 5 | K3: SAK-0002
A4: =IF($B4<>"","KB-"&TEXT(ROW()-1,"000"),"") | B4: Papirstopp i skriver | C4: Skriver og utskrift | D4: Papir kjører seg fast, ofte ved dobbeltsidig utskrift. | E4: 1. Åpne alle luker og fjern fastkjørt papir forsiktig. 2. Rens valsene med en lofri klut. 3. Bruk riktig papirtype/grammatur. 4. Sjekk at papiret ikke er fuktig. 5. Ved gjentatte stopp: bestill service. | F4: skriver papirstopp utskrift papir fastkjørt | G4: Erik Dahl | H4: 46267 | I4: 8 | J4: 4 | K4: SAK-0005
A5: =IF($B5<>"","KB-"&TEXT(ROW()-1,"000"),"") | B5: Outlook treg eller krasjer ved oppstart | C5: E-post og kalender | D5: Outlook krasjer eller fryser ved oppstart, ofte etter oppdatering. | E5: 1. Start Outlook i sikker modus (outlook.exe /safe). 2. Deaktiver tillegg ett og ett for å finne synderen. 3. Opprett en ny e-postprofil. 4. Kjør hurtigreparasjon av Office. 5. Sjekk PST/OST-fil med SCANPST ved mistanke om korrupsjon. | F5: outlook e-post krasjer treg profil tillegg fryser | G5: Anne Berg | H5: 46267 | I5: 6 | J5: 4
A6: =IF($B6<>"","KB-"&TEXT(ROW()-1,"000"),"") | B6: Gi tilgang til fellesmappe | C6: Passord og tilgang | D6: Bruker mangler tilgang til en delt nettverksmappe. | E6: 1. Innhent skriftlig godkjenning fra mappe-eier eller leder. 2. Legg brukeren inn i riktig AD-gruppe (aldri direkte på mappen). 3. Be brukeren logge av og på for å oppdatere tilgangen. 4. Verifiser tilgangen sammen med brukeren. | F6: tilgang fellesmappe rettigheter mappe ad-gruppe delt | G6: Kari Hansen | H6: 46268 | I6: 15 | J6: 5 | K6: SAK-0008
A7: =IF($B7<>"","KB-"&TEXT(ROW()-1,"000"),"") | B7: Microsoft Teams krasjer ved videosamtale | C7: Programvare | D7: Teams krasjer eller fryser under videosamtaler, gjerne etter oppdatering. | E7: 1. Start PC-en på nytt. 2. Tøm Teams-bufferen (%appdata%\Microsoft\Teams). 3. Oppdater grafikkdriveren. 4. Installer Teams på nytt. 5. Test med nettleserversjonen for å isolere problemet. | F7: teams krasjer video møte samtale kamera | G7: Anne Berg | H7: 46268 | I7: 4 | J7: 4 | K7: SAK-0006
A8: =IF($B8<>"","KB-"&TEXT(ROW()-1,"000"),"")
A9: =IF($B9<>"","KB-"&TEXT(ROW()-1,"000"),"")
A10: =IF($B10<>"","KB-"&TEXT(ROW()-1,"000"),"")
A11: =IF($B11<>"","KB-"&TEXT(ROW()-1,"000"),"")
A12: =IF($B12<>"","KB-"&TEXT(ROW()-1,"000"),"")
A13: =IF($B13<>"","KB-"&TEXT(ROW()-1,"000"),"")
A14: =IF($B14<>"","KB-"&TEXT(ROW()-1,"000"),"")
A15: =IF($B15<>"","KB-"&TEXT(ROW()-1,"000"),"")
A16: =IF($B16<>"","KB-"&TEXT(ROW()-1,"000"),"")
A17: =IF($B17<>"","KB-"&TEXT(ROW()-1,"000"),"")
A18: =IF($B18<>"","KB-"&TEXT(ROW()-1,"000"),"")
A19: =IF($B19<>"","KB-"&TEXT(ROW()-1,"000"),"")
... A301: =IF($B301<>"","KB-"&TEXT(ROW()-1,"000"),"")

Sheet Oppsett
A1: OPPSETT – grunndata for supportsystemet
A2: Tilpass listene under til ditt team. Legger du til flere rader enn det er plass til, må områdene i formlene/navnene (Formler > Navnebehandling) utvides tilsvarende.
A3: Ansatt | B3: Rolle | C3: E-post | E3: Kategori | F3: Standard ansvarlig (auto) | H3: Prioritet | I3: Påbegynn innen (timer) | J3: Løs innen (timer) | L3: Status | N3: Kanal
A4: Ola Nordmann | B4: Nettverksansvarlig | C4: ola.nordmann@firma.no | E4: Nettverk | F4: Ola Nordmann | H4: Kritisk | I4: 1 | J4: 4 | L4: Ny | N4: E-post
A5: Kari Hansen | B5: Brukerstøtte | C5: kari.hansen@firma.no | E5: Passord og tilgang | F5: Kari Hansen | H5: Høy | I5: 4 | J5: 8 | L5: Under behandling | N5: Telefon
A6: Per Olsen | B6: Maskinvareansvarlig | C6: per.olsen@firma.no | E6: E-post og kalender | F6: Anne Berg | H6: Medium | I6: 8 | J6: 24 | L6: Venter på bruker | N6: Personlig oppmøte
A7: Anne Berg | B7: Systemansvarlig | C7: anne.berg@firma.no | E7: Maskinvare | F7: Per Olsen | H7: Lav | I7: 24 | J7: 72 | L7: Venter på leverandør | N7: Chat
A8: Erik Dahl | B8: Driftstekniker | C8: erik.dahl@firma.no | E8: Programvare | F8: Anne Berg | L8: Løst | N8: Selvbetjening
A9: Mona Lie | B9: Driftsleder | C9: mona.lie@firma.no | E9: Skriver og utskrift | F9: Erik Dahl | H9: Timer regnes fra sak opprettes (24/7). | L9: Lukket
E10: Mobil og telefoni | F10: Erik Dahl
E11: Annet | F11: Mona Lie

Sheet Instruksjoner
A1: Slik bruker du supportsystemet
A2: Systemet dekker: ticket-håndtering med unike saksnumre, kunnskapsbase (FAQ), automatisk tildeling av saker per kategori og SLA-styring med tidsfrister.
A4: 1. Arkfanene
A5: • Saker – her logger du alle saker (tickets). Hver rad = én sak med unikt saksnr (SAK-0001, SAK-0002, ...).
A6: • Kunnskapsbase – ferdige løsningsartikler (FAQ) slik at brukere/drift kan løse kjente problemer raskt.
A7: • Søk – søk i kunnskapsbasen og i tidligere løste saker for å finne løsningen før du starter.
A8: • Dashboard – oversikt over åpne saker, forfalte frister, kategorier og belastning per ansatt.
A9: • Oppsett – team, kategorier, SLA-tider, statuser og kanaler. Tilpass til din avdeling.
A11: 2. Registrere ny sak (ticket-håndtering)
A12: 1) Gå til Saker og fyll ut: Innmelder, E-post, Kanal, Kategori, Prioritet, Tittel, Beskrivelse.
A13: Kom saken inn på e-post eller telefon? Lim inn innholdet i Beskrivelse og velg riktig Kanal.
A14: 2) Opprettet (dato+klokkeslett) fylles automatisk idet du skriver Innmelder eller Tittel, og låses.
... A50: • Ta backup av filen jevnlig.
